order_id,customer,email,department,quantity,unit_price,city,country,order_date,priority,fulfilled
7335,Dr. Paula Adams,stephanie51@example.org,Astronomer,8689,-904218163.139405,Garciaburgh,NR,2026-04-05,4952,True
3804,Melanie Harris,stronggary@example.org,"Scientist, product/process development",9939,44851.1004908661,Lake Ashley,NP,2026-04-29,8951,False
7634,Thomas Mayo,fletcherpaul@example.org,Camera operator,6997,-4156369.60122825,Port Jennifer,IN,2026-05-19,2960,True
9370,Melissa Gonzales,samantha52@example.org,"Doctor, hospital",7614,-14459098.238026,Lake Christine,LV,2026-05-04,1255,True
7756,Robin Smith,nicole01@example.org,Public house manager,516,-36309.754086073,Brownville,GD,2026-01-20,5511,False
242,Victoria Jones,richard95@example.com,Clinical research associate,6315,-78892424.5622342,Port Charlesberg,AE,2026-01-23,6537,True
2897,Kellie Patel,susan34@example.org,"Research officer, trade union",6895,703426.765029638,South Patriciafort,AE,2026-03-09,3195,True
6283,Andrew Jackson,goodwinraymond@example.net,"Scientist, research (physical sciences)",7090,236122.27345228,North Aaron,PS,2026-04-23,330,False
4037,Nathan Nguyen,scottmason@example.net,Social worker,9306,97369.1373685304,Careyberg,EG,2026-04-22,1796,False
7541,Hannah Vaughn,briangonzales@example.net,Commercial horticulturist,3131,870.30074297337,Katrinatown,DM,2026-03-05,6266,False
9940,Susan Woods,annlopez@example.org,Nutritional therapist,6750,7908.68348297595,Whitetown,SO,2026-03-23,5454,False
162,Jennifer Huber,ariasjennifer@example.net,Medical illustrator,3917,91578692606.5686,Morrisberg,KW,2026-01-11,1774,False
8973,Jennifer Jones,joshua16@example.net,"Engineer, petroleum",9702,-7777969344326.51,Smithview,IR,2026-04-23,4420,True
7712,Stacy Schaefer,sreid@example.net,Commissioning editor,4122,1877659685197.53,Lake Matthew,MA,2026-05-24,5347,False
1525,Wendy Smith,scottbecker@example.net,"Journalist, magazine",1200,69895932.2827923,Hunterberg,ID,2026-05-22,1360,True
202,Justin Johnson,bruce60@example.com,"Geologist, engineering",7349,-0.39746269683688,West Sandraberg,ES,2026-05-14,6117,False
5363,Linda Cole,marcus21@example.net,"Research officer, government",358,-9.13689045635072,Port Timothy,GM,2026-01-20,319,False
717,Abigail Morgan,kimberlykirk@example.org,Ceramics designer,9854,33064933396199.0,Jamesville,BR,2026-05-03,114,True
3400,Melissa Stuart,mayala@example.org,Legal executive,5573,101.440387381971,West Tyler,PS,2026-04-27,1242,True
9182,Paul Ramirez,wilsontraci@example.com,Network engineer,4455,99324631.95703,New Michelle,MW,2026-03-03,3385,True
1701,Cynthia Davidson,nicolerios@example.net,Make,8183,22.6670828771133,Port Carla,BY,2026-01-02,4080,True
8919,Lauren Potts,nathanmyers@example.com,Financial trader,5635,37753716.6963786,Joshuaborough,BH,2026-01-25,7146,True
4902,John Jones DDS,angelagraham@example.org,International aid/development worker,17,-63.2432466240413,Lawsontown,KI,2026-04-22,1595,False
6149,Kevin Browning,dkelly@example.com,Retail buyer,9394,38057.473835885,Joshuafurt,ER,2026-04-04,651,True
6246,Jason Johnson,mlynch@example.org,"Surveyor, planning and development",9814,-8.63563793419814,South Kellyshire,BZ,2026-03-29,3210,False
5180,Tracey Johnson,farrellmary@example.org,Youth worker,6903,2929641545484.22,South Steven,ST,2026-04-04,8870,False
8284,Lisa Vasquez,smurray@example.com,"Surveyor, mining",1881,-80661584978.1664,Jeanettefort,AL,2026-03-01,9763,False
8316,Mark Dunn,kristina65@example.org,"Surveyor, building control",90,667258.920118169,Lake Justin,KH,2026-03-01,2584,True
5774,Gary Hoffman,bowmanmichael@example.org,Interior and spatial designer,544,19443552602.496,East Jaredborough,HT,2026-03-18,1010,False
6419,Ronald Baker,pmullins@example.org,"Administrator, local government",3474,9243242387.80346,East Amandafort,GW,2026-04-01,4958,True
2617,Michele Nguyen,lindsay39@example.net,Sports administrator,7251,307.30117744393,West Jenniferbury,TT,2026-05-30,8826,False
1190,Brianna Ramos,mcdonaldashley@example.com,"Psychologist, occupational",6003,-291167367493.122,Port Michaelfurt,VN,2026-01-19,8286,True
7652,Calvin Simon,kristinzuniga@example.org,Customer service manager,6108,6559274494.79,East Amandaberg,GT,2026-03-22,5779,False
3412,Tonya Ayala,zesparza@example.net,Speech and language therapist,1177,1196.95235252214,Mercedesfort,MX,2026-01-10,8657,False
4743,Tamara Payne,powelldavid@example.net,"Surveyor, rural practice",5485,-990371411.359026,West Stacy,MZ,2026-05-12,5381,True
185,Scott Howard,sarah10@example.org,Conference centre manager,6816,-76226.3820421714,North Jenniferside,TV,2026-04-29,1907,False
5394,Amanda Shelton MD,spugh@example.net,"Conservation officer, nature",6688,-66517064993588.9,West Angelamouth,UG,2026-05-30,2007,False
4881,Sandra Ortiz,rose19@example.net,"Programmer, multimedia",8742,-28041.3071442683,Williamport,DZ,2026-03-02,4559,True
523,Jason Curtis,christopherreed@example.net,"Therapist, drama",171,-3350009920871.69,Hughesstad,CR,2026-04-10,5157,False
2419,Elizabeth Peterson,taylorjasmine@example.org,"Engineer, agricultural",4496,-5.29513822080544,Mcdanielberg,IS,2026-04-05,7267,True
7766,Michelle Johnson,paigecharles@example.org,Clinical research associate,5001,-9141993233133.3,Lake Carrieville,VU,2026-04-06,6385,False
5674,Melissa Howard,moralesmartin@example.org,"Nurse, mental health",42,-93457139507215.5,Davisfort,ZM,2026-04-20,2823,False
8754,Jeremy Spencer,bruce89@example.net,Interpreter,1683,35.1406861594414,Myersfurt,MA,2026-02-13,9059,False
9113,Christopher Ewing,gonzalezkevin@example.net,Licensed conveyancer,8036,467091.14968984,North Jessebury,KR,2026-02-12,2062,False
4870,James Austin,manntimothy@example.com,Technical author,4358,4441.736822836,Port Debrahaven,SV,2026-03-07,5339,False
5729,Sandra Hogan,alexander28@example.net,Charity fundraiser,4557,-728159764715.46,Port Jack,VA,2026-03-24,380,False
309,Robert Kelly,fgilmore@example.net,"Librarian, public",395,-68.5831282945235,Williamfurt,IS,2026-04-05,1129,True
7975,Bethany Bradford,laurenramirez@example.org,Charity fundraiser,4205,-676783.82396706,South Tristanberg,MV,2026-04-08,2018,True
9171,Dennis Guerra,adriana02@example.org,Probation officer,2521,65430265.605915,Lesliemouth,KE,2026-05-08,5637,True
2093,Vernon Snyder,shelleylee@example.com,Science writer,779,-12068.55035347,Collinston,SG,2026-03-12,3795,True
8469,Franklin Aguirre,skinnerdanielle@example.org,"Designer, blown glass/stained glass",2324,23434881.569569,Taraborough,TN,2026-01-24,1786,False
4962,Joshua Barnett,davidbowen@example.com,"Engineer, manufacturing",8120,-196205371547.99,Meganshire,AU,2026-04-06,770,True
1528,Judith Garcia,dawnthompson@example.com,Audiological scientist,5760,-63647850.4491132,East Matthew,AT,2026-05-29,3033,False
1580,Gina Jenkins,hblack@example.com,Physiotherapist,8546,493944.963751142,West James,HR,2026-03-21,2097,False
9327,Tiffany Lynch,rholder@example.com,"Sound technician, broadcasting/film/video",7193,117626.13264653,Riverahaven,BJ,2026-03-02,6338,True
4851,Annette Stone,hperry@example.org,Production manager,9319,-2005.6685509652,Justinside,PY,2026-01-02,6558,True
6242,Dr. Terry Bartlett,katie35@example.com,"Sales professional, IT",5045,-70530652813.1899,North Deanna,KN,2026-03-27,5645,True
386,Danielle Wu MD,michelleowens@example.net,"Surveyor, insurance",6236,1491976367.48964,West Jeromeview,MT,2026-03-21,8359,True
7843,Carolyn Nguyen,hamptonkimberly@example.net,Tourist information centre manager,3417,9323619040429.31,East Amanda,EG,2026-03-14,9990,True
3791,Courtney Tran MD,scott36@example.com,"Administrator, local government",7839,-607.139189434854,Christopherfurt,IQ,2026-02-04,6302,True
3694,Andrew West,dwilliams@example.org,Social researcher,7532,19596615175.3241,New Justinhaven,TG,2026-03-08,9707,True
4541,Caroline Lee,hbarton@example.org,Sports coach,1281,-63855867.6045257,Stoneburgh,GQ,2026-04-07,4041,True
1189,Kelly Thompson,ismith@example.org,Television production assistant,1209,-503576.59537392,East Jasminemouth,CG,2026-03-03,6387,False
5535,Karen Wade,dyoung@example.org,Paramedic,6506,-1918363780473.92,Lesliebury,VN,2026-01-21,6970,False
5957,Aaron Lopez,megandiaz@example.org,Recycling officer,9136,-524358004317.538,Port Guy,UY,2026-03-04,9126,False
1911,Daniel Lynch,mcmahonanna@example.com,Barrister,3617,-2.49107521656688,Cooleyton,SG,2026-03-20,5006,False
2286,Melissa Smith,youngsarah@example.org,"Journalist, magazine",5509,17606829887.312,West Eileenburgh,LR,2026-03-10,2679,False
9423,Robert Morton,deborah72@example.net,Purchasing manager,3611,-9274199.2731552,Walkerfort,RW,2026-02-12,3333,True
1237,Matthew Donaldson,kimjeanne@example.org,Adult guidance worker,8055,-88904647294.4389,Christophershire,CI,2026-05-20,2638,False
2245,Jasmine Russell,tonyagriffith@example.org,"Therapist, occupational",4875,-32188586.5042946,Deannamouth,GE,2026-01-05,9914,False
5831,Travis Robertson,brownshelby@example.net,Telecommunications researcher,8163,-80878690.5391086,Mezamouth,MX,2026-05-11,8600,True
4829,Ricardo Martinez,hfowler@example.com,Air broker,248,-404559561.247468,Solisside,AT,2026-02-26,4920,True
3769,Michelle Smith,houstondavid@example.org,Barrister,4872,-34.8687107692265,Lake Taraburgh,GD,2026-03-16,3973,True
7470,Tracy Dean,laura82@example.org,Public house manager,6156,-945103061165.347,Port Ronald,GQ,2026-03-24,837,True
2911,Raymond Thomas,tyler79@example.org,Site engineer,198,-29840.7716646366,East Jesusmouth,VC,2026-05-03,7053,False
9782,Darlene Lewis,brad30@example.net,Counsellor,8373,0.92685643941777,Jennifermouth,CZ,2026-05-28,8183,False
6859,Nicole Cardenas,rodney56@example.net,Fine artist,1236,7864601728714.44,New Juliebury,KG,2026-02-25,2383,False
6495,Ryan Miller,bunderwood@example.net,"Horticulturist, commercial",1331,35178.2581948365,West Raymondfurt,PK,2026-02-18,832,True
8322,Trevor Nunez,jesushamilton@example.net,Historic buildings inspector/conservation officer,3794,-61.391001984297,East Joseph,CO,2026-05-14,9789,False
2662,Theresa Adkins,jpineda@example.net,Company secretary,8630,-58420353106875.3,New Christinehaven,VE,2026-03-22,2484,True
2324,Eduardo Lee,hreid@example.com,Product designer,1760,20536688249310.9,South Teresaberg,AR,2026-05-30,5797,False
6815,Brent Barker,sellis@example.net,Mental health nurse,7771,-42794.6739110884,Annaside,SE,2026-04-03,4598,False
9097,Michelle May,eric22@example.com,Armed forces training and education officer,2042,15094003.8400853,North Jamesville,SZ,2026-04-14,9195,False
1459,Matthew Davis,millersandy@example.org,Best boy,6253,59839.800280041,East Andrew,MR,2026-03-06,6197,False
3082,Shelley Bowen,rossjerry@example.org,"Designer, interior/spatial",8550,6884.98102250087,West Jamesfurt,DM,2026-04-28,3992,False
8334,Jennifer Russell,michaelacamacho@example.org,"Journalist, magazine",5670,-29693394481.9819,Gabrielport,KM,2026-03-12,8873,True
9223,Michelle Powers,katherinejackson@example.com,"Surveyor, rural practice",2562,22361.5931105773,Forbeschester,NE,2026-03-16,4030,True
9874,Richard Skinner,dana26@example.org,"Designer, jewellery",6203,-769080403.92004,Lake Deborahburgh,KN,2026-05-05,5754,False
9501,Ryan White,nuneztina@example.org,Forensic psychologist,3602,-4087190294.90652,South Nicholas,CO,2026-05-10,8459,True
3817,Julie Snyder,ramosjesse@example.org,"Conservator, furniture",1530,7897.71982761245,Hermanfort,LC,2026-04-22,9878,True
5933,Bradley Mitchell,jenniferbrady@example.org,Wellsite geologist,3235,422125013.660486,East Matthew,BN,2026-01-20,1619,False
2514,Brady Vega,qramsey@example.com,Computer games developer,3968,-7651062989792.92,Lake Jasonfurt,KI,2026-01-11,2126,True
9358,Alexander Cooke,brittanylozano@example.com,"Producer, television/film/video",4325,1348831.17745404,North Levibury,GE,2026-03-12,3124,False
9717,Denise Bean,oconnorjohn@example.org,Sports development officer,1810,5543873233.38075,Rogerchester,PS,2026-05-28,4023,True
1491,Justin Miles,sdiaz@example.org,"Administrator, education",3164,-84571.9625873467,New Richard,UY,2026-01-15,9986,False
1669,Leslie Fleming,juliejohnson@example.com,Clinical embryologist,4624,1.2447958181657,East Juliefurt,LU,2026-04-10,3947,True
6900,Heather Taylor,christopher90@example.org,Astronomer,558,-5551275258.56152,North Ashleyberg,SB,2026-01-18,1333,True
6185,Jordan Blake Jr.,travis08@example.org,"Administrator, arts",9588,-25994105125984.9,East Jeremiah,CU,2026-04-08,769,True
6334,Erin Robbins,michael70@example.org,Advice worker,3813,251697501.38574,South Williamville,RU,2026-01-07,9866,False
6206,Robert Ferguson,jennagarcia@example.net,Local government officer,62,92745852810619.1,Port Matthewbury,LT,2026-01-22,1298,True
717,Jeffrey Price,pamela70@example.net,"Surveyor, planning and development",5677,71760375.9687945,Kathrynfurt,VC,2026-04-01,2324,True
3608,James Martinez,markpearson@example.net,Ophthalmologist,6462,118.793533335502,Lake Anita,ET,2026-03-06,3757,False
3071,Robert Patel,patricia60@example.com,Geophysicist/field seismologist,5350,-29520855086.8468,South Bryce,CL,2026-01-15,3862,False
9106,Ann Phillips,danielcoleman@example.net,"Chemist, analytical",2651,-588507.674589654,Floresshire,KH,2026-04-20,8974,False
5005,Adam Moss,zknox@example.org,"Scientist, research (medical)",310,56067.857338443,New Anthony,MM,2026-01-16,9775,False
5750,Bradley Nunez,michael11@example.com,"Solicitor, Scotland",532,-235580372289.25,East Craig,SB,2026-04-30,3244,True
6706,Amanda Riley,jsmith@example.com,Biomedical scientist,6052,79156456.6721327,New Leslieton,BH,2026-05-30,3529,False
3426,Jessica Miller,mendozadaniel@example.org,"Therapist, nutritional",8178,-32551.32703617,Stephenstad,RO,2026-04-02,847,False
47,Andrew Jones Jr.,kristin18@example.org,"Designer, interior/spatial",7755,-1639269456.74381,New Williamside,PW,2026-03-20,9500,False
92,Ryan Johnson,olivia92@example.com,Nutritional therapist,7281,-9771494.94219931,Sabrinabury,KZ,2026-05-07,9102,True
4363,Debra Buchanan,carolinetaylor@example.com,Musician,1956,-3330.22351359682,Port Rachaelport,CR,2026-01-08,6424,False
8792,Jennifer Chen,allisonbrian@example.net,Leisure centre manager,3041,-596700699514.771,New Victoriabury,CM,2026-02-13,4899,True
8308,Susan Fleming,fmcconnell@example.net,Dramatherapist,1929,491.93473928663,Lake Scott,JO,2026-05-03,3704,True
3013,Jessica Patel,brianharvey@example.org,Air traffic controller,526,89006.5647209709,Martinburgh,IT,2026-02-14,8775,True
9777,James Evans,sbenson@example.com,Chartered certified accountant,9642,206849275.801454,North Deborah,LY,2026-04-20,1802,False
9545,Meghan Hester,scott85@example.org,"Scientist, audiological",9519,-60379060.3290019,Sherrymouth,HU,2026-03-19,521,True
121,Robert Ponce,cortezchristine@example.com,Scientific laboratory technician,6227,6572939336755.2,East Kevin,NA,2026-01-18,83,False
8119,Kimberly Mcdonald,cmcmahon@example.org,Hotel manager,4036,1779978293982.97,South Christopherbury,AM,2026-04-10,8788,True
3816,Darrell Case,richard55@example.com,Seismic interpreter,7359,89466734521.2352,Fernandezmouth,LV,2026-02-12,3072,False
6244,Shannon Romero,ryan94@example.net,"Editor, film/video",7577,-4283870411.71581,South Darrellton,GM,2026-01-23,5610,True
5678,Neil Bradley,fguzman@example.com,"Therapist, sports",2745,-18285.816697667,Lake Richardmouth,FI,2026-04-07,517,False
503,Karen Wilkerson,jennifer57@example.org,Race relations officer,7048,13874.80915864,Johnstad,SE,2026-01-11,9724,True
3088,Richard Johnson,brandyscott@example.net,Gaffer,4803,126017011408.893,Lake David,CO,2026-02-18,4122,True
4290,Jasmine Hunt,cholmes@example.net,IT technical support officer,6139,80375244735.4175,Richville,LA,2026-04-01,4739,True
6867,Darius Pennington,brandon13@example.org,"Engineer, biomedical",4177,-8429376802.72722,Port Dianehaven,BD,2026-05-25,8706,False
2344,Cameron Martin,fandrade@example.org,"Investment banker, operational",115,-5277741334.33831,Lake Diane,RS,2026-02-15,7898,True
7769,William Ewing,selena93@example.com,Volunteer coordinator,1119,9211655250069.22,East Edwin,QA,2026-02-10,4707,True
6295,Andres Bailey,nicolewatkins@example.com,Museum/gallery conservator,1656,-64187998.7890684,West Katie,GB,2026-05-23,6580,True
619,William Mcintosh,brivers@example.com,Research scientist (life sciences),8406,647042255223.482,South Ralph,PK,2026-01-02,4940,True
5899,Phillip Esparza,imontgomery@example.org,"Engineer, broadcasting (operations)",7800,8956077656426.4,Kellyfort,CL,2026-02-09,5361,True
7320,Lisa Robinson,davidwashington@example.com,IT trainer,1272,-548371.437152313,Port Katherine,AL,2026-02-12,4732,True
5849,Crystal Green,belindaoliver@example.net,Geochemist,3419,90149134670.5159,Port Deniseview,IR,2026-01-21,4224,False
8061,Douglas Miller,christopher07@example.org,Mental health nurse,9027,594090461.62644,Lucasport,DE,2026-02-03,7487,False
796,Kevin Walton,xhull@example.com,Civil Service administrator,1606,-26.4499196942269,Hickschester,KW,2026-02-17,602,True
4322,Amber Calderon,rachel46@example.org,Lobbyist,7440,-72.1643180521446,Port Jonathanstad,ET,2026-03-14,5984,False
9563,William Barker,angelakelly@example.org,"Doctor, hospital",2991,-792.317416633919,New Brittneybury,GR,2026-02-26,243,False
7368,Betty Kane,obrady@example.com,Early years teacher,9508,-82995533148391.1,Port Amanda,SI,2026-05-12,2770,False
1281,Michelle Gonzalez,austindeanna@example.com,Illustrator,3439,-139007346385.576,Lake Nicholasside,GQ,2026-02-13,2598,False
6366,Hannah Davenport,qmiller@example.com,"Sales professional, IT",848,-88119249597508.6,West Deborahbury,KN,2026-05-24,7934,False
9948,Tonya Anderson,alvarezdanielle@example.net,Materials engineer,5015,-39301853732.6561,West Evelynville,BS,2026-05-17,5848,False
215,Jennifer Clark,angela53@example.org,"Designer, blown glass/stained glass",6277,96188.4489156283,Piercetown,SC,2026-01-31,7092,False
1898,Jeffrey Beard,ryanturner@example.net,"Sound technician, broadcasting/film/video",1989,3209898547717.44,East Alexisstad,SA,2026-03-19,7957,False
3892,Diana Paul,mallory76@example.org,Research scientist (maths),4660,-1377986727030.56,North Timothyfurt,MH,2026-01-21,2863,False
7094,Levi Mason,robert02@example.net,Quantity surveyor,7255,710559578.62205,Katrinaton,GT,2026-04-19,3678,False
1328,Michael Black,paige37@example.org,"Sales professional, IT",5224,-759407076.334937,Wayneside,OM,2026-03-03,3975,True
7777,Hannah White,catherineallen@example.org,"Pilot, airline",6258,6730393.2454389,Lake Robertland,CV,2026-04-11,4300,False
6180,Diana Smith,jacob41@example.com,Archivist,2126,460051.215975135,Karenhaven,FI,2026-02-03,5850,False
851,Charles Davis,annettecox@example.net,"Optician, dispensing",7089,-1329352489.10256,West Todd,IQ,2026-03-13,1730,True
5550,Darryl Powell,wjohnson@example.com,"Development worker, international aid",9898,417244236.49215,East Kentbury,PW,2026-04-27,6134,False
9276,Kyle Carter,nfrancis@example.org,Information systems manager,6732,-1378.17627415027,Baileymouth,GM,2026-02-06,7227,False
6131,Victoria Powers,frank40@example.org,Hospital doctor,4121,-70451982530924.9,Lorettafort,SD,2026-05-18,7105,False
8599,Daniel Barber,snyderandrea@example.net,Police officer,8180,47510469189.6923,Port Janetburgh,TH,2026-02-11,2946,True
5394,Bradley Thornton,awatts@example.com,Armed forces technical officer,5971,13.5823283340364,Port Robertmouth,TD,2026-01-03,9066,True
3674,Brian Kidd,clarkcheryl@example.net,"Engineer, water",6516,75116.2111384926,Mcneilstad,GM,2026-04-24,3691,True
286,Denise Jones,monica05@example.net,Clothing/textile technologist,9360,-5493.8505402589,Fergusonberg,RO,2026-01-19,7623,False
7739,Phillip Goodman,kathrynnguyen@example.org,Curator,2067,-769715207591.505,Cooketown,PK,2026-05-22,1510,True
9966,Nicole Williams,ghenderson@example.net,"Scientist, product/process development",1341,-1095940.68278922,Port Sarahburgh,CV,2026-02-12,678,True
80,Jeff Arroyo,zoliver@example.net,Barrister's clerk,1962,153237.8167111,Berrybury,NO,2026-02-13,5995,False
7625,Angel Moore,allisonbarrera@example.net,Chartered public finance accountant,515,-86125769361078.9,West Jennifer,CM,2026-05-28,7289,False
5550,Brenda Valdez,cliffordchen@example.com,Industrial/product designer,3824,89411866.5982239,North Jennifer,BN,2026-04-04,560,False
8707,Mr. Thomas Orozco,erikaramirez@example.org,Financial manager,67,-252932890183.173,South Michaelfurt,NA,2026-04-17,9862,False
8941,Heather Alexander,kellypacheco@example.com,Psychiatrist,6830,3771551884.7843,East Amandaside,BE,2026-02-12,5146,True
9314,Diana Hughes,wrightpaul@example.net,Public affairs consultant,5084,55718.276511222,Johnsonside,OM,2026-03-06,8597,False
5643,Nicholas Scott,amycasey@example.net,Aid worker,7394,-21.7181321294911,West Keithview,FM,2026-02-14,519,False
6771,Seth Williams,kmartin@example.com,Occupational psychologist,9591,-2.30287918643224,Robertstad,PS,2026-02-12,8981,True
6298,Lisa Andrews,candiceparker@example.com,Investment analyst,8685,36164804528899.3,Lake Amy,TH,2026-03-13,3210,True
367,Gina Hall,john74@example.org,Veterinary surgeon,5742,-104975.892666579,Lake Stevenbury,ER,2026-02-22,6598,True
7465,Ronnie Jackson,stephen33@example.net,Product manager,3067,838.270120924177,Mcgeetown,RU,2026-03-05,5319,False
6364,Jessica Smith,lisa31@example.org,Early years teacher,9825,-9057.13115128636,Port Brandi,SR,2026-01-16,2530,False
7169,Colin Castillo,andersonjames@example.org,Community pharmacist,8266,779860814.803391,West Marieside,GD,2026-01-06,6188,False
2884,Sharon Murray,xstevens@example.net,"Horticulturist, amenity",4840,342418491.283218,Sandraville,KE,2026-01-27,5715,False
8272,Traci Gonzalez,maldonadobrad@example.org,Human resources officer,1113,-24399.2200135987,Mcdanielmouth,VN,2026-05-26,9642,False
2815,Justin Moore,swilliams@example.org,Psychiatrist,6354,-433921939.618255,South Jerryberg,DK,2026-05-08,4602,True
8884,Michael Johnson,ereynolds@example.com,Architect,9769,-718627.513158311,New Jacquelineshire,CL,2026-02-02,6464,True
3933,David Mora PhD,qgray@example.org,Farm manager,5787,-5319755037.61461,South Andrew,CI,2026-03-19,3325,False
4519,Christina Nichols,darryl44@example.com,Air cabin crew,8127,62399678.386563,North Stephanie,SB,2026-01-29,7373,False
1551,Justin Andrews,shawnzimmerman@example.org,Chartered certified accountant,409,952141004433.929,North Phillipstad,CF,2026-04-26,8222,True
8313,Amber Garcia,nmeyers@example.net,Commissioning editor,3493,926.176176577271,North Heatherton,LC,2026-03-22,8353,True
969,Glenn Garza,shannoncarter@example.com,Medical secretary,7969,-374921395771.837,New Loriland,BG,2026-02-09,6012,False
2151,Thomas Ortiz,jamie37@example.org,Horticultural consultant,3395,-2.43580758504915,Vincentbury,TO,2026-05-24,3947,True
9466,Terry Webster,mwalker@example.org,"Designer, multimedia",8005,1984974838.33983,Castilloberg,MU,2026-02-19,2680,False
3075,Elizabeth Stewart,emily43@example.net,Magazine features editor,4825,-57.9005040890797,Tamaratown,EC,2026-01-02,6248,True
7208,Suzanne Wilson MD,jasonmalone@example.org,Intelligence analyst,8705,407491123371.6,Thomasmouth,DJ,2026-02-22,1064,False
5764,Caleb Brooks,jeffreyharris@example.com,Community arts worker,8924,977562.661329593,Laurenville,ES,2026-01-28,1764,True
7123,Hector Lewis,amandacook@example.org,Air broker,6518,-654932.92522348,Castanedamouth,LU,2026-02-27,8096,False
9447,Adam Miller,wwhitehead@example.com,Clinical biochemist,5728,5338957.2257369,Yeseniahaven,MC,2026-01-07,9352,True
528,Susan Daniels,nathannash@example.net,Restaurant manager,6982,565342371.194,Heatherville,NL,2026-01-21,20,True
4226,Andrew Jarvis,iware@example.org,Barrister's clerk,272,9766931.346442,North Michael,HR,2026-01-22,9385,False
5552,Sherry Watkins,james45@example.org,Armed forces technical officer,5045,84375983085.965,Stevenhaven,TW,2026-03-10,2093,False
1546,Andrew Figueroa,barrwhitney@example.com,"Engineer, production",2372,-7433.4498845667,Quinnbury,UY,2026-05-05,7337,False
936,Timothy Roth,shahmichael@example.net,Chartered loss adjuster,3176,9574.59796173387,West Kristaport,BF,2026-02-27,8531,True
9575,Michael Powers,sergio28@example.org,"Engineer, electrical",2567,-397.700435296592,Whitneybury,SA,2026-04-26,9530,True
7180,Jeremy Fisher,benjamingarrison@example.org,Arboriculturist,8530,454.21122801889,Toddbury,BH,2026-01-16,3701,True
1607,Ellen Sanchez,floresapril@example.com,Theatre manager,6518,-3410176383463.86,Reneeside,IR,2026-04-27,4108,True
262,Jared Johnson,samanthacortez@example.com,Computer games developer,7807,-767597760220.876,Nicholasfort,LS,2026-02-12,6210,True
8834,Annette Wade,johnsonjanice@example.org,"Engineer, building services",1521,7281.1847204408,Jaimeton,PE,2026-04-12,9947,True
9693,Benjamin Moore,jeffreytran@example.net,Press photographer,3385,398.550857089261,Port Laura,MR,2026-02-26,5648,False
4167,Ernest Griffin III,tscott@example.net,Computer games developer,1592,9629741761084.75,Jamesview,ID,2026-04-11,3326,False
2747,Michael Smith,etaylor@example.net,Sales promotion account executive,9499,-132011411021.312,Hallton,VA,2026-02-18,3392,True
8567,Mario Massey,mclaughlinrick@example.org,Pension scheme manager,7697,-668.12455579554,Richardfort,FR,2026-01-16,6162,True
5339,Christopher Brown,jessicajensen@example.net,Equality and diversity officer,3229,-2996.12729477303,North Kellymouth,CL,2026-04-09,8041,True
8725,Stephanie Jackson,arnoldbrittany@example.net,"Civil engineer, contracting",260,80789.54382335,Rodriguezhaven,NR,2026-05-25,8540,False
7077,Kara Anderson,dustin69@example.com,"Surveyor, hydrographic",8442,7524069421858.93,Sanchezborough,OM,2026-05-09,7083,False
8507,Crystal Johnson,michaelmorris@example.org,Educational psychologist,2369,-34815392189862.7,Lake Joy,CZ,2026-01-29,2520,False
2470,Brianna Brown,joelwoods@example.org,Brewing technologist,9174,73379877248721.3,New Erica,PK,2026-04-04,8913,True
566,Alexander Jenkins,zlynch@example.org,Fast food restaurant manager,1027,-527363.646578817,North Jill,IT,2026-02-22,6598,False
8584,Jill Brown,monicahall@example.com,Regulatory affairs officer,6571,-69273.731322781,Nelsonborough,TW,2026-02-02,7522,True
5840,Mindy Moran,gracebaker@example.com,"Engineer, production",2266,57515.3614712991,East Madelineland,EG,2026-05-15,3000,False
4460,Amber Robinson,mstewart@example.net,"Designer, interior/spatial",5823,-9708870368.65159,Crystalfurt,DK,2026-05-15,1779,True
1173,Michael Mitchell,solisjohn@example.net,"Engineer, petroleum",3937,7417896.68540506,Port Melissa,BJ,2026-03-25,2076,True
1872,Chris Rogers,alexanderjustin@example.net,Private music teacher,6597,95.6221960241291,Jeffreymouth,ZA,2026-03-01,2671,True
1129,Scott Hinton,andrewlambert@example.org,Freight forwarder,4545,-705952327736.96,Lake Sandra,TM,2026-01-01,6088,True
2160,Michael Cervantes,ashleymartinez@example.com,Television production assistant,6140,-76.7027703962019,Jamieview,AM,2026-05-10,3508,False
4650,Gary Potter,christopheryang@example.net,Chief Financial Officer,9430,1.34097724268424,Lake Ellenchester,LT,2026-03-12,8762,False
4342,Lauren Garcia,rachel97@example.org,"Geneticist, molecular",7642,-1.36952392743656,Michaelfort,SL,2026-03-28,6559,True
2895,Alexandra Moore,sandra03@example.com,Mechanical engineer,6745,544701.645673542,Sandrachester,QA,2026-04-05,8988,True
9580,Sara Cox,shafferjeffrey@example.net,Financial planner,4181,24.969162726781,Mackside,QA,2026-02-07,6874,True
9632,Emily Morris,tiffanyday@example.org,Industrial buyer,8879,-981.761556139083,West Shannon,PY,2026-05-07,2644,False
2113,Melanie Carey,michaeljackson@example.net,Dance movement psychotherapist,3133,8145741190612.14,New Elizabethborough,LV,2026-04-01,6464,False
6608,Robert Gay,ylewis@example.net,"Radiographer, diagnostic",5941,-71397081656288.4,Wilsonmouth,BI,2026-03-16,5724,False
9477,Eric Benson,rmoreno@example.net,English as a second language teacher,2702,-247.430765969657,Snyderbury,CD,2026-04-13,2600,False
3235,Melissa Haas,vincentparker@example.com,Chartered legal executive (England and Wales),7006,9.57531695083333,South Tracey,FI,2026-03-02,607,False
877,Lori Thompson,shellymarsh@example.com,Contractor,974,7.3250018267646,Hillfurt,MZ,2026-05-18,7143,True
7654,Angel Hernandez,mhull@example.org,Garment/textile technologist,4060,30804558366910.6,West Tinaburgh,JO,2026-01-10,4659,True
4274,Taylor Carter,theresa89@example.net,Adult nurse,6972,61.3187326269965,Stanleyton,PH,2026-03-30,2771,False
2640,Cindy Reid,cory71@example.net,Financial controller,5065,4779939205841.37,Jasonchester,BO,2026-05-27,8455,True
2356,Laurie Obrien,hamiltondaniel@example.com,Logistics and distribution manager,1478,5149470872146.73,Alexandrastad,KM,2026-05-29,1806,False
1129,Katie Rogers,mercadokristy@example.net,Therapeutic radiographer,3995,-228460077897.515,Scottstad,TZ,2026-01-29,2712,True
7468,Emily Chan,adamcook@example.org,Field trials officer,9250,34824575.43529,South Ericburgh,TO,2026-02-12,5375,False
8356,Charles Ryan,ezhang@example.com,"Development worker, international aid",7214,-413.532380377322,East Reginafurt,TZ,2026-05-25,37,True
206,Sheri Brown,donna54@example.net,Writer,8469,9356885301377.77,Jonathanview,CV,2026-02-09,6432,True
2843,Christina Hill,ashley43@example.com,"Psychotherapist, child",4185,-68.5264740465932,Patelville,IE,2026-04-19,9008,False
2069,Brian Potter,jasminemarquez@example.com,"Surveyor, quantity",8106,-1.19226065588452,Lake Jesseberg,FM,2026-05-06,1799,False
3248,Katherine Archer,princeleslie@example.net,"Optician, dispensing",6790,67.937413588667,West Sarah,TM,2026-03-18,1421,True
7619,Melvin Skinner,barronbrent@example.com,"Engineer, technical sales",1731,-321452.813339204,West Danielle,SC,2026-04-15,3952,True
1439,Natasha Mcknight,zsullivan@example.net,Hydrologist,6249,4741.54932677807,Michellestad,NL,2026-01-19,1972,True
968,Jesse Carrillo,jennifercollins@example.net,"Engineer, automotive",5984,-9.78937986574048,Hillside,GE,2026-03-03,7859,False
9490,Audrey Chaney,pamelasanford@example.net,Counsellor,2770,78734265.7976656,South Bobbymouth,TH,2026-05-12,3852,True
8370,Barbara Cunningham,longmadison@example.com,Financial trader,2344,8068927.58305741,Kyleview,GD,2026-03-14,199,False
4141,Kyle Jordan,ewingnatasha@example.net,Merchant navy officer,3615,-3581934.68823725,Vickiton,UY,2026-01-18,5313,True
1125,Tina Mccoy,simmonsalan@example.org,Research scientist (medical),6862,-25.758671160883,Angelaville,UY,2026-02-10,5280,False
3441,Thomas King,jessica92@example.org,Stage manager,3781,-92920964.5916532,Port Sharon,EE,2026-02-05,7592,False
2747,Olivia Rose,nataliebrown@example.org,Town planner,3039,-755646072.980781,Bowenbury,LK,2026-01-01,5153,False
8119,Christopher Wells,jcalderon@example.net,Animal technologist,4032,68055976664.308,South Mathew,SR,2026-04-09,6009,True
5539,Jason Larson,nelsonryan@example.com,Animator,2225,-6913584.37301387,North Carol,BI,2026-04-22,4024,False
528,Mandy Mueller,carterbrianna@example.net,Purchasing manager,7730,4.834545575107,East William,DJ,2026-01-01,317,True
6795,Ronald Deleon,kimberlyjones@example.com,Medical technical officer,1817,-8244892.52037,Olsonview,LK,2026-05-29,653,False
7170,Michael Hernandez,jeremy48@example.com,"Presenter, broadcasting",5062,74822271.873107,Alexisbury,CF,2026-02-22,3927,False
649,Rebecca Decker,christopherthompson@example.com,"Scientist, biomedical",4701,802.318660384415,Port Peterside,MZ,2026-02-21,3708,False
3336,Sabrina Robertson,fthompson@example.net,Chief Marketing Officer,9230,4445481.81346333,Thomasborough,RS,2026-04-21,6826,False
2449,Joshua Torres,justinrivera@example.com,Make,2047,26889607715461.1,Hughesborough,KR,2026-04-14,9905,True
8524,Kayla Hughes DDS,carmen03@example.org,"Biochemist, clinical",8494,20392423917.5069,Veronicamouth,QA,2026-05-28,9304,False
8835,Dr. Maria Kaufman,obrown@example.net,Paediatric nurse,6812,-86434694990225.7,Aguilarhaven,ST,2026-05-16,6510,True
9526,Joseph Lewis,bwilliams@example.com,Graphic designer,2300,4085906421.353,Hayesview,IN,2026-05-25,7139,True
2122,Cheryl Hill,douglassmith@example.net,Magazine journalist,5621,-28744.1121693474,Port Cynthiafort,IE,2026-05-05,3954,True
1127,Julie Hill,mellis@example.org,Dramatherapist,3785,-100041392.699481,Houstonshire,ML,2026-04-27,1709,True
754,Jennifer Ruiz,hmeyer@example.org,Video editor,9921,-63493189084.31,South Steven,SA,2026-01-21,9775,False
3544,Laurie Hull,hcampos@example.net,Sports administrator,8991,-4195742455.11669,Pittmanport,DO,2026-03-26,3121,False
3724,Danielle Frederick,rramsey@example.net,"Research officer, political party",686,-466.928943642967,South Mariamouth,VC,2026-05-14,4313,True
2702,Mallory Perez,gary99@example.org,"Engineer, biomedical",8777,566171199370.489,Hillport,NE,2026-02-09,5874,False
2023,Brandon Rodriguez,sanforddaniel@example.net,Commercial art gallery manager,7709,-613421485057.58,Lake Joelburgh,VC,2026-04-30,1817,True
4914,Marie Hansen,ramireznancy@example.org,"Surveyor, land/geomatics",5377,5166.4871358759,Theresaland,SK,2026-05-02,5096,False
1170,Jessica Buchanan,moorerobin@example.org,Aid worker,6299,787085.16225156,Johnsonton,TW,2026-03-27,7430,True
3785,Stephen Jimenez,dwarren@example.com,"Surveyor, minerals",7528,141205645621.431,Smithstad,JP,2026-02-28,2810,True
6610,Allen Taylor,tinasmith@example.com,Licensed conveyancer,1190,354959060801.201,West Scott,TN,2026-01-17,8934,False
1333,Nicholas Koch,vickisilva@example.net,"Designer, television/film set",3485,-679072.639317238,North Nina,LC,2026-04-06,4244,True
1941,Cameron Lindsey,tabitha49@example.net,Aeronautical engineer,9535,90987.3883033392,South Albertmouth,TG,2026-01-22,1294,True
1088,Nathaniel Turner,sford@example.org,Music tutor,1286,-841056.336186018,Laurashire,PL,2026-02-14,203,False
1867,Stephanie Rose,brittany26@example.com,Data processing manager,3586,-66294562386.9825,South Joelton,BG,2026-05-21,1415,True
5496,Angela Cuevas,sanchezkimberly@example.net,Chiropodist,8189,-6994.35810840047,Howardstad,FJ,2026-02-07,7643,True
5263,Ethan Turner,dominiquecarpenter@example.net,Learning mentor,6630,63.1624451648578,Reyesfurt,KI,2026-05-22,2549,False
3539,Kara Gonzales,preyes@example.net,Academic librarian,8543,-108665496.358874,North Gregory,GM,2026-04-20,9710,False
6317,Kelly Jenkins,donaldconley@example.net,Health visitor,9473,16739213.4388211,Donaldside,KW,2026-01-20,1479,True
8629,Gregory Gibson,dorothycurtis@example.net,Land,9377,-5681386909.23981,Rogersfurt,TH,2026-03-15,5301,False
4855,Belinda Peters,efoley@example.org,Barista,3217,3.10911696762049,New Kimberly,NR,2026-04-18,1441,True
8211,Kelsey Johnson,catherine16@example.org,"Doctor, hospital",5172,-49898821.6768734,South Robert,GT,2026-01-16,4707,False
3280,Troy Castro,taylorpatrick@example.com,Marketing executive,6192,-950.142046026377,Smithmouth,AF,2026-03-13,2771,True
1209,Robert Fisher,jeffreymaldonado@example.org,"Lecturer, further education",9342,-869928120962.718,South Evanchester,AR,2026-05-21,8944,True
2225,Megan Mendoza,donna21@example.org,"Editor, film/video",1332,-971.122815903511,Daltonstad,MK,2026-02-01,1810,True
3405,Maurice Owens,iclark@example.com,Orthoptist,4758,29023.7966339075,Patriciamouth,BY,2026-05-09,9340,False
5795,Robin Wright,lobrien@example.com,Tourist information centre manager,4176,83111.154712595,East Tracy,GT,2026-03-24,7339,True
595,Brian Grant,kaufmankelly@example.com,Acupuncturist,9498,-95476549665.9755,Castrotown,NP,2026-03-15,450,True
7518,Anna Campbell,garciamelissa@example.org,Personal assistant,6932,-5780817664.60647,South Natalie,IE,2026-04-29,7500,False
9880,Kevin Bowers,kathrynhebert@example.org,Electronics engineer,1295,-545142613.86359,North Emilybury,VU,2026-02-24,3622,False
4570,Amanda Taylor,qdaniels@example.com,Television production assistant,3448,733112848.88633,Port Melanie,IN,2026-02-20,8647,True
5899,James Brown,melissa25@example.org,Lobbyist,3718,255226843.149732,East Michael,MK,2026-03-21,5038,True
7055,Joseph Baker,brendan88@example.net,Field trials officer,8863,-6323929.12843386,Leeburgh,PT,2026-02-14,7703,True
9101,Gregory James,shortjoseph@example.org,Equities trader,1457,-600256067115.333,Kevinview,VE,2026-04-12,6640,True
7590,Allen Fisher,romanjoel@example.org,Human resources officer,3936,-8.10186622955903,Mckinneystad,MN,2026-03-14,5043,True
641,Andrea Lynch,danielsmith@example.org,Magazine journalist,8527,-63115075953.9394,Jessicaborough,BE,2026-05-28,5035,True
539,Jennifer Brown,bwalker@example.com,Information officer,6666,-4168.55759288338,Kathryntown,CZ,2026-05-01,1561,True
980,Stephanie Browning,davischarles@example.net,Electronics engineer,687,0.25673015506003,Lake Tyler,AD,2026-03-23,8688,False
1463,Monica Bennett,jlee@example.net,"Designer, television/film set",5169,9.86833512909722,South Cherylmouth,ZA,2026-04-23,837,False
5933,Anthony Nichols,thompsonraymond@example.com,Actuary,3373,-886.1849177857,North Pamela,LT,2026-02-25,1582,False
6406,Kristin Velasquez,erin40@example.org,Health and safety inspector,1358,-1671022.5324652,Patriciaview,HN,2026-03-24,4048,False
663,Brett Mckinney,rodneywilliams@example.net,"Therapist, music",7395,-5715.13728734027,New Melissa,MD,2026-05-25,4232,True
3471,Gregory Bentley,cunninghamtara@example.com,Interior and spatial designer,3741,250.260793723974,Charlesberg,BG,2026-01-14,4484,True
5027,Maurice Reed,katherinesmith@example.com,Health and safety inspector,7475,-3319504335.77863,Hernandezstad,IS,2026-04-05,9738,True
8461,Jodi Myers,ethan00@example.net,Secondary school teacher,8343,-6321.53913041325,Hansonstad,UA,2026-02-07,8289,False
1126,Christopher Smith,padillanatasha@example.org,"Therapist, nutritional",9266,-47.6263536565491,West Kurt,PL,2026-01-19,9862,True
